Recipient,Name,Year,University,Advisor,Program,Rocket1,Rocket2,Rocket3,Rocket4,Rocket5
401,"Trowbridge Heine, Sarah Nicole",2014,MIT,"Figueroa-Feliciano, Enectali","Micro-X, High-resolution x-ray imaging spectroscopy",36.245,,,,
400,"Rutherford, John Morton",2013,MIT,"Figueroa-Feliciano, Enectali","Micro-X, High-resolution x-ray imaging spectroscopy",36.245,,,,
399,"Kaeppler, Stephen",2013,Iowa,"Kletzing, Craig",CUSP Electrodynamics,40.018,40.022,40.025,21.139,36.242
398,"Glesener, Lindsay",2012,"California, Berkeley",Bob Lin / Sam Krucker,Solar Flares (FOXSI),36.255,,,,
397,"Hicks, Brian",2012,Boston,"Chakrabarti, Supriya",REDDIE project,36.225,,,,
396,"Zeiger, Ben",2012,Colorado,Webster Cash,X-ray Astr,36.274,,,,
395,"Crowder, Gwynne",2012,Wisconsin,"McCammon, Dan",Galactic diffuse X-ray background,36.223,,,,
394,"Schindhelm, Eric",2011,Colorado,"Green, James",interstellar medium,36.244,36.27,,,
393,"Oakley, Phil",2011,Colorado,"Cash, Webster",,36.252,,,,
392,"Jones, Sarah",2010,New Hampshire,"Lessard, Marc",Auroral Research,40.02,,,,
391,"Knappmiller, Scott",2010,Colorado,"Robertson, Scott",Mesospheric Aerosol Sampling Spectrometer,41.069,41.07,,,
390,"Pancrazzi, Maurizio",2010,Univ. of Florence,,,,,,,
389,"Hecquet, Christophe",2009,Univ. of Paris XI,,,,,,,
388,"Lupu, Roxana-Elena",2009,Johns Hopkins,"McCandliss, Stephan",Astrophysics,,,,,
387,"Rocks, Lindsay",2008,University of Wisconsin,"McCammon, Dan",,,,,,
386,"Rodrigues, Fabiano",2008,Cornell,"Hysell, Dave",,,,,,
385,"Michell, Robert G.",2007,Dartmouth College,"Lynch, Kristina",High Freq waves in the Auroral Ionosphere,40.01,,,,
384,"Cunningham, Nathaniel",2007,Colorado,"Green, James",Extended Shocks Within One Kiloparsec: Instrumentation and Observations,,,,,
383,"McEntaffer, Randy",2007,Colorado,"Cash, Web",,36.224,,,,
382,"Landini, Frederico",2006,Univ. of Florence,"Romoli, Marco",,,,,,
381,"France, Kevin",2006,Johns Hopkins,"Feldman, Paul D.",Molecular Hydrogen Fluorescence,36.198,36.208,36.22,,
380,"Samara, Marilia",2005,Dartmouth College,Jim LaBelle,"Sounding rocket investigations of whistler, upper hybrid and Langmuir waves in the auroral ionosphere",40.01,40.014,40.016,36.2,
379,"Klatt, Eric Michael",2005,Cornell,"Kintner, Paul",SIERRA and SERSIO,35.035,,,,
378,"Kamalabadi, Farzad",2005,Boston,"Chakrabarti, Supriya",UV imaging ISM,,,,,
377,"Stephan, Sherri",2005,Boston,"Chakrabarti, Supriya",UV imaging ISM,,,,,
376,"Boone, Catherine",2005,Colorado,,,,,,,
375,"Bahcivan, Hasan",2005,Cornell,"Hysell, Dave",,,,,,
374,"MacDonald, Elizabeth",2004,New Hampshire,"Lynch, Kristina",Sierra-Sounding of the ion energization region: resolving ambiguities.,40.114,,,,
373,"Boerner, Paul",2004,Stanford University,"Walker, Arthur B. C.",Solar sounding rocket work conducted with Black Brants at WSMR,36.194,,,,
372,"Beasley, Matthew",2003,Colorado,"Green, James",Imaging Spectrograph for Interstellar,36.197 UG,,,,
371,"Rowland, Douglas E.",2002,University of Minnesota,"Wygant, John R.",Electron acceleration over thunderstorms,27.143,,,,
370,"Burgh, Eric B.",2001,Johns Hopkins,"Feldman, Paul D.",UV Dust Scattering,36.156,36.136,36.186,36.198,
369,"Indebetuow, Remy",2001,Colorado,,,,,,,
368,"Tung, Yeh-Kai",2000,"University of California, Berkeley","Carlson, Charles",Ion Acceleration and Transport Mechanisms in the Earth's Magnetosphere,,,,,
367,"Scoug, Ruth M.",,,,,,,,,
366,"Purcell, William R.",,Northwestern,"Ulmer, Melville P.",X-ray Astr,,,,,
365,"Oluseyi, Hakeem",2000,Stanford University,"Walker, Arthur B. C.",Solar sounding rocket work conducted with Black Brants at WSMR,36.091,36.049,,,
364,"McLean, Ryan",2000,Colorado,"Green, James C.",GALACASTRN,,,,,
363,"Martinez-Galarce, Dennis",2000,Stanford University,"Walker, Arthur B. C.",Solar sounding rocket work conducted with Black Brants at WSMR,36.194,36.091,36.049,,
362,"Gunderson, Kurt",2000,Colorado,"Green, James C.",GALACASTRN,,,,,
361,"Nishikida, Kaori",1999,Penn State,"Burrows, David",,,,,,
360,"Hill, Steve",1999,Colorado,,,,,,,
359,"Han, Sang-In",1999,University of Wisconsin,"McCammon, Dan",,,,,,
358,"Defise, Jean Marc",1999,Belgium,,,,,,,
357,"Barnum, Benjamin H.",1999,Washington,"Holzworth, Robert H.",Rocket Experiment Thunderstorm III,,,,,
356,"Sarlin, Scott",1998,Colorado,"Green, James C.",GALACASTRN,,,,,
355,"Morgenthaler, Jeff",1998,University of Wisconsin,"McCammon, Dan",,,,,,
354,"McPhate, Jason B.",1998,Johns Hopkins,"Feldman, Paul D.",Carbon Monoxide in Comets,,,,,
353,"Cawley, Laura",1998,Penn State,"Burrows, David",,,,,,
352,"Almy, Richard",1998,University of Wisconsin,"McCammon, Dan",,,,,,
351,"Kowalski, Michael P.",1997,Northwestern,"Ulmer, Melville P.",X-ray Astr,,,,,
350,"Korpela, Eric",1997,"California, Berkeley","Bowyer, C. S.",Diffuse Far UV Background,36.06,,,,
349,"Jahn, Jorg-Micha",1997,Dartmouth College,Jim LaBelle,GUARA High Altitude Spread F Ionosphere mission,35.030IE,,,,
348,"Worden, John R.",1996,Colorado,,LASP/UV Irradiance,,,,,
347,"Morrisey, Patrick F.",1996,Johns Hopkins,"Feldman, Paul D.",Galactic,,,,,
346,"Kankelborg, Charles",1996,Stanford University,"Walker, Arthur B. C.",Solar sounding rocket work conducted with Black Brants at WSMR,36.049,36.091,,,
345,"Delory, Gregory",1996,"University of California, Berkeley","Carlson, Charles","Rocket Observations of VLF Bursts, Electron Precipitation and Ion Heating in the Auroral Ionosphere",,,,,
344,"Zhaofeng, Ma",1995,Penn State,"Croskey, Charles L.",Middle Atmosphere Electrodynamics,,,,,
343,"Martinez, Mel",1995,Johns Hopkins,"Feldman, Paul D.",Galactic A,,,,,
342,"Maclean, Phillip",1995,Pittsburgh,"Zipf, Edward C.",,,,,,
341,"Klementis, Eric",1995,"California, Berkeley","Carlson, Charles W.",Plasma Physics,35.023UE,40.002UE,40.004UE,,
340,"Deforest, Craig",1995,Stanford University,"Walker, Arthur B. C.",Solar sounding rocket work conducted with Black Brants at WSMR,36.049,36.091,,,
339,"Datta, Suvro",1995,Washington,,,,,,,
338,"Bailey, Scott",1995,Colorado,"Woods, Tom",Solar EUV,,,,,
337,"Cui, Wei",1994,Wisconsin,"McCammon, Dan",,,,,,
336,"Sultan, Peter",1994,Boston,"Mendillo, Michael","SSPINEX,REDAIR,ERIC,CRRES",,,,,
335,"O'Neal, Ray",1994,Stanford University,"Walker, Arthur B. C.",Solar sounding rocket work conducted with Black Brants at WSMR,36.049,36.091,,,
334,"Allen, Maxwell",1994,Stanford University,"Walker, Arthur B. C.",Solar sounding rocket work conducted with Black Brants at WSMR,36.049,36.091,,,
333,"Williamson, Erik",1993,Colorado,"Sharp, William E.",Galacastrn,,,,,
332,"Wilkinson, Erik",1993,Colorado,"Green, James C.","Fuse/Astroph., Planet. & Atmos Science",,,,,
331,"Saulnier, Gregory",1993,Penn State,"Garmire, Gordon",,,,,,
330,"Plucinski, Paul",1993,Wisconsin,"McCammon, Dan",,,,,,
329,"Mendenhall, Jeffery",1993,Penn State,"Burrows, David",,,,,,
328,"Li, Ya QI.",1993,Washington,"Holzworth, Robert H.",Geophysics,36.013,27.12,,,
327,"Kraft, Ralph",1993,Penn State,"Garmire, Gordon",,,,,,
326,"Garrido, Dante",1993,Alaska,"Westcott, Eugene M.",,29.016UE,,,,
325,"Gallagher, Dennis",1993,Colorado,Webster Cash,HIENRGASTR,,,,,
324,"Doe, Rick",1993,Boston,"Mendillo, Michael J.",Auroral Physics,,,,,
323,"Cho, John",1993,Cornell,"Kelley, Michael",,,,,,
322,"Buscela, Eric",1993,Michigan,"Sharp, William E.",Aeronomy,27.122,,,,
321,"Bucsela, E.",1993,Michigan,"Sharp, William E.",Naval Research Lab,,,,,
320,"Berg, Glenn",1993,Cornell,"Kelley, Michael",,,,,,
319,"Adrian, Mark L.",1993,Iowa,"Van Allen, James A.",,,,,,
318,"Zhang, Jiahong",1992,Wisconsin,"McCammon, Dan",,,,,,
317,"Waljeski, K. M. H.",1992,Brandeis,"Moses, J. D.",Solar Research,,,,,
316,"Vago, J. L.",1992,Cornell,"Kintner, Paul M.",EE/Space Plasma Physics,,,,,
315,"Swenson, Charles",1992,Cornell,"Kelley, Michael",,,,,,
314,"Sen, Bhaswar",1992,Houston,"Bering, Edgar A. III",,31.081,,,,
313,"Sahnow, David J.",1992,Johns Hopkins,"Feldman, Paul D.",,21.093,21.095,36.045,36.057,
312,"Lynch, Kristina",1992,New Hampshire,"Arnoldy, Roger",Auroral,,,,,
311,"Lees, Joanna F.",1992,Princeton,"Jenkins, Edward B.",,27.082,,,,
310,"Korendyke, Clarence M.",1992,Maryland,Brueckner,Solar Research,,,,,
309,"Hsu, Lan-Sheng",1992,Pittsburgh,"Zipf, Edward C.",Phys. & Astro,,,,,
308,"Goerke, Roger",1992,Minnesota,"Kellogg, Pauleth J.",,,,,,
307,"Edelstein, Jerry",1992,"California, Berkeley","Bowyer, C. S.",Diffuse Far UV Bckgrnd,36.06,,,,
306,"Clemmons, James H.",1992,"California, Berkeley","Carlson, Charles W.",,35.009,,,,
305,"Budzien, Scott A.",1992,Johns Hopkins,"Feldman, Paul D.",Hitchhiker,STS-39,,,,
304,"Bale, Stuart",1992,Minnesota,"Cahill, Laurence J. Jr.",,,,,,
303,"Hall, Timothy",1991,Cornell,"Kelley, Michael",,,,,,
302,"Eparvier, Francis G.",1991,Colorado,"Barth, Charles A.",Aeronomy,,,,,
301,"Cotton, Daniel",1991,"California, Berkeley","Chakrabarti, Supriya",,,,,,
300,"Cook, Timothy",1991,Colorado,"Sharp, William E.",GALACASTRN,,,,,
299,"Bertiaume, Gregory",1991,Penn State,"Garmire, Gordon",,,,,,
298,"Strachan, Leonard Jr.",1990,Harvard,"Kohl, John",Solar Research,,,,,
297,"Slavin, Jonathan",1990,Wisconsin,"Cox, Don",Astrophys.,,,,,
296,"Providakes, James",1990,Cornell,"Kelley, Michael",,,,,,
295,"Lindblom, Joakim",1990,Stanford University,"Walker, Arthur B. C.",Solar sounding rocket work conducted with Black Brants at WSMR,36.049,27.092,,,
294,"Knudsen, David",1990,Cornell,"Kelley, Michael",,,,,,
293,"Hurwitz, Mark",1990,"California, Berkeley","Bowyer, C. S.",Diffuse Far UV Bckgrnd,,,,,
292,"Hassler, Donald M.",1990,Colorado,"Sharp, William E.",Solar Research,,,,,
291,"Garbe, Greg",1990,New Hampshire,"Arnoldy, Roger",Auroral,,,,,
290,"El-Ganayni, Abdel",1990,Pittsburgh,"Zipf, Edward C.",Phys & Astro,,,,,
289,"Edwards, Brad",1990,Wisconsin,"McCammon, Dan",Astrophysi,,,,,
288,"Wen-Wei Kao, Michael",1989,Pittsburgh,"Zipf, Edward C.",,,,,,
287,"Parker, Jay W.",1989,Illinois,"Bowhill, Sidney A.",,,,,,
286,"Green, James",1989,"California, Berkeley","Bowyer, C. S.",EUV Spectrosc. of Hot White CDWA,,,,,
285,"Ergun, Robert",1989,"California, Berkeley","Carlson, Charles W.",,35.023,,,,
284,"Dymond, Kenneth F.",1989,Johns Hopkins,"Feldman, Paul D.",,21.093,21.095,,,
283,"Cageao, Richard",1989,Michigan,"Sharp, William E.",Aeronomy,33.056,,,,
282,"Vierick, Rod",1988,Alaska,"Wescott, Eugene M.",,,,,,
281,"Tang, Paul",1988,New Hampshire,"Kauffman, R.",Auroral,,,,,
280,"Siskind, David E.",1988,Colorado,"Barth, Charles A.",LASPAERONO,,,,,
279,"Scales, W.",1988,Cornell,"Kintner, Paul M.",EE/Space Plasma Physics,,,,,
278,"McCandliss, Steven",1988,Colorado,Webster Cash,GALASASTRN,,,,,
277,"Lummerzheim, Dirk",1988,Alaska,"Wescott, Eugene M.",Plasma Physics,29.007UE,,,,
276,"Laboy, Simon",1988,"California, Berkeley","Bowyer, C. S.",Diff. EUV Bkgnd. Spectro.,,,,,
275,"Juda, Mike",1988,Wisconsin,"McCammon, Dan",Astrophysi,,,,,
274,"Jelinsky, Patrick",1988,"California, Berkeley","Bowyer, C. S.",EUV Spectroscopy,,,,,
273,"Fink, Richard",1988,Penn State,"Garmire, Gordon",,,,,,
272,"El-Agamawi, Mohsen",1988,Pittsburgh,"Zipf, Edward C.",Phys & Astro,,,,,
271,"Earle, Gregory",1988,Cornell,"Kelley, Michael",,,,,,
270,"Bloch, Jeff",1988,Wisconsin,"McCammon, Dan",Astrophysi,,,,,
269,"Bixler, Jay",1988,"California, Berkeley","Bowyer, C. S.",Far UV Background,,,,,
268,"Siefring, Carl",1987,Cornell,"Kelley, Michael",,,,,,
267,"Pollock, Craig",1987,New Hampshire,"Arnoldy, Roger",Auroral,,,,,
266,"Martin, Christopher",1987,"California, Berkeley","Bowyer, C. S.",Far UV Background,,,,,
265,"Boehm, Manfred",1987,"California, Berkeley","Carlson, Charles W.",,36.006,29.021,29.018,,
264,"Windt, David",1986,Colorado,Webster Cash,Hienrgastr,,,,,
263,"Snowden, Steve",1986,Wisconsin,"Kraushaar, Bill",,,,,,
262,"Prokop, Thomas M.",1986,Pittsburgh,"Zipf, Edward C.",,,,,,
261,"Pfaff, Robert F.",1986,Cornell,"Kelley, Michael",,,,,,
260,"Murthy, Jayant N.",1986,Johns Hopkins,"Feldman, Paul D.",UVX,STS-61C,,,,
259,"Loane, Joseph T. III",1986,Illinois,"Bowhill, Sidney A.",,,,,,
258,"Jahoda, Keith",1986,Wisconsin,"McCammon, Dan",Astrophysi,,,,,
257,"Erlandson, Robert",1986,Minnesota,"Cahill, Laurence J. Jr.",,,,,,
256,"Woods, Thomas N.",1985,Johns Hopkins,"Feldman, Paul D.",,,,,,
255,"McFadden, James",1985,"California, Berkeley","Carlson, Charles W.",,36.006,29.021,29.018,,
254,"LaBelle, James",1985,Cornell,"Kintner, Paul M.",A&EP/Space Plasma Physics,,,,,
253,"Joseph, Charles",1985,Colorado,"Sharp, William E.",Galactic,,,,,
252,"Edgar, Richard",1985,Wisconsin,"Cox, Don",Astrophysi,,,,,
251,"Eastes, Richard W.",1985,Johns Hopkins,"Feldman, Paul D.",,25.046,29.017,,,
250,"Cleary, David D.",1985,Colorado,"Barth, Charles A.",LASP,,,,,
249,"Bowers, Charles W.",1985,Johns Hopkins,"Feldman, Paul D.",,4.34,4.342,,,
248,"Kao, Wen-Wei",1984,Pittsburgh,"Zipf, Edward C.",Phys. & Astro,,,,,
247,"Barstow, Martin",1984,Leicester,"Pounds, Kenneth",X-ray Astr,,,,,
246,"Tennyson, Peter D.",1983,Johns Hopkins,"Feldman, Paul D.",UVX,24.01,STS-61C,,,
245,"Kimble, Randy",1983,"California, Berkeley","Bowyer, C. S.",EUV Spectroscopy of Astr. Objs.,,,,,
244,"Jakobsen, Peter",1983,"California, Berkeley","Bowyer, C. S.",Diffuse EUV Background,,,,,
243,"Gibbs, Kenneth P.",1983,Illinois,"Bowhill, Sidney A.",,,,,,
242,"Gelpi, Craig",1983,Houston,"Bering, Edgar A. III",,29.007,,,,
241,"Enge, per K.",1983,Illinois,"Bowhill, Sidney A.",,,,,,
240,"Cebula, Richard P.",1983,Johns Hopkins,"Feldman, Paul D.",,25.039,21.074,,,
239,"Bush, Rock O.",1983,"California, Berkeley","Carlson, Charles W.",Porcupine,,,,,
238,"Weiland, Richard M.",1982,Illinois,"Bowhill, Sidney A.",,,,,,
237,"Shelton, John D.",1982,Illinois,"Bowhill, Sidney A.",,,,,,
236,"Roeder, James",1982,Houston,"Bering, Edgar A. III",,15.129,15.13,15.131/2,15.162/3,
235,"Petre, Robert",1982,MIT,"Rappaport, Saul",X-ray Astr,,,,,
234,"Chakrabarti, Supriya",1982,"California, Berkeley","Bowyer, C. S.",Geocoronal H+ Emission,,,,,
233,"Burrows, Dave",1982,Wisconsin,"Kraushaar, Bill",,,,,,
232,"Behm, Dennis",1982,Minnesota,"Cahill, Laurence J. Jr.",,,,,,
231,"Weaver, Harold A. Jr.",1981,Johns Hopkins,"Feldman, Paul D.",,25.038,21.067,,,
230,"McCoy, Robert P.",1981,Colorado,"Barth, Charles A.",LASP,,,,,
229,"Kita, D.",1981,Michigan,"Sharp, William E.",Therom Electron Corp.,,,,,
228,"Gorman, Michael R.",1981,Pittsburgh,"Zipf, Edward C.",Phys & Astro,,,,,
227,"Dieter, Kita",1981,Wisconsin,"Sharp, William E.",Chemistry,4.339,,,,
226,"Boyle, C. FR.",1981,Pittsburgh,"Zipf, Edward C.",Phys &Sastr,,,,,
225,"Bobroff, Norman",1981,CIT,"Nousek, John",Cal. Inst.,,,,,
224,"Topoka ?????, Kenneth",1980,Boston,"Mendillo, Michael",X-ray Emission from Stars,27.031,,,,
223,"Topka, Kenneth",1980,Harvard,"Gorenstein, Paul",X-ray Astr,27.031,,,,
222,"Mallinkrodt, A. JO.",1980,"California, Berkeley","Carlson, Charles W.",Porcupine,,,,,
221,"Durrance, Samuel T.",1980,Colorado,"Barth, Charles A.",Astro-GEOP,,,,,
220,"Conway, Robert R.",1980,Colorado,"Barth, Charles A.",,,,,,
219,"Clarke, John T.",1980,Johns Hopkins,"Feldman, Paul D.",,25.038,,,,
218,"Torbert, Roy B.",1979,"California, Berkeley","Carlson, Charles W.",,8.063,,,,
217,"Pereira, Eduardo",1979,Cornell,"Kelley, Michael",,,,,,
216,"Morrison, James",1979,Wisconsin,"Kraushaar, Bill",,,,,,
215,"Malina, Roger F.",1979,"California, Berkeley","Bowyer, C. S.",EUV Spectroscopy,P,,,,
214,"Larsen, Miguel",1979,Cornell,"Kelley, Michael",,,,,,
213,"Gonzales, Cesar",1979,Cornell,"Kelley, Michael",,,,,,
212,"Freeman, Jay",1979,"California, Berkeley","Bowyer, C. S.",Solar PBYS/Study of ISM Inflow Thrusolsys,,,,,
211,"Fildes, Roger D.",1979,Illinois,"Bowhill, Sidney A.",,,,,,
210,"Erdman, Peter",1979,Pittsburgh,"Zipf, Edward C.",Auroral Studies,,,,,
209,"Countryman, Ian D.",1979,Illinois,"Bowhill, Sidney A.",,,,,,
208,"Cordova, France",1979,CIT,"Nousek, John",Cal. Inst.,,,,,
207,"Zanetti, Larry",1978,New Hampshire,"Arnoldy, Roger",Auroral,,,,,
206,"Temerin, Michael",1978,"California, Berkeley","Carlson, Charles W.",Greenland Flight,,,,,
205,"Swanson, Richard",1978,Minnesota,Winckler,,27.003,,,,
204,"Stern, Robert",1978,"California, Berkeley","Bowyer, C. S.",Diffuse Soft X-ray Background,,,,,
203,"Richter, Eric S.",1978,Illinois,"Bowhill, Sidney A.",,,,,,
202,"Nousek, John A.",1978,Wisconsin,"Kraushaar, Bill",,13.103,13.049,,,
201,"Munninghoff, Donald E.",1978,Illinois,"Bowhill, Sidney A.",,,,,,
200,"Moore, Thomas E.",1978,Univ. of Colorado,"T W Speiser, D S Evans",,29.003,,,,
199,"Kayat, Michael",1978,Leicester,"Pounds, Kenneth",X-ray Astr,,,,,
198,"Iwan, Deann",1978,Wisconsin,"Kraushaar, Bill",,,,,,
197,"Hartig, George F. Jr.",1978,Johns Hopkins,"Feldman, Paul D.",,21.054,21.056,21.059,24.01,
196,"Fried, Peter",1978,Wisconsin,"Kraushaar, Bill",,13.102,,,,
195,"Fabricant, Daniel",1978,Harvard,"Gorenstein, Paul",,27.031,,,,
194,"Costa, Emanuel",1978,Cornell,"Kelley, Michael",,,,,,
193,"Cash, Webster",1978,"California, Berkeley","Bowyer, C. S.",EUV Astronomy,,,,,
192,"Brune , William H.",1978,Johns Hopkins,"Feldman, Paul D.",,26.05,13.124,,,
191,"Beiting, Edward J. III",1978,Johns Hopkins,"Feldman, Paul D.",,4.334,13.077,,,
190,"Weiser, Heinz",1977,Johns Hopkins,"Moos, Warren",,21.054,26.006,26.039,26.054,
189,"Voss, Henry D.",1977,Illinois,"Bowhill, Sidney A.",,,,,,
188,"Vitz, Robert C.",1977,Johns Hopkins,"Moos, Warren",,26.039,26.051,4.206,,
187,"Preidhorsky, William",1977,CIT,"Garmire, Gordon P.",,26.038,,,,
186,"Park, Hongwood",1977,Johns Hopkins,"Anderson, Andrew B.",,4.344,13.077,,,
185,"Miller, Kent L.",1977,Illinois,"Bowhill, Sidney A.",,,,,,
184,"McClaughlin, Robert W.",1977,Pittsburgh,"Zipf, Edward C.",Phys. & Astro,,,,,
183,"Grossman, Barry G.",1977,Illinois,"Bowhill, Sidney A.",,,,,,
182,"Espy, Patrick",1977,Pittsburgh,"Zipf, Edward C.",Auroral Studies,,,,,
181,"Edmonson, B.",1977,Johns Hopkins,Fastie,,13.077,,,,
180,"Dusenberry, Paul",1977,New Hampshire,"Arnoldy, Roger",,18.152,,,,
179,"Carnahan, Byron C.",1977,Pittsburgh,"Zipf, Edward C.",Ionos. Data Interpretation,,,,,
178,"Weinstein, Arthur F.",1976,Johns Hopkins,"Feldman, Paul D.",,26.039,,,,
177,"Shoeberl, Mark R.",1976,Illinois,"Bowhill, Sidney A.",,,,,,
176,"Sanders, Wilton",1976,Wisconsin,"Kraushaar, Bill",,13.083,,,,
175,"Reyrvik, Ola",1976,Alaska,"Davis, John M.",Auroral Physics,,,,,
174,"Pulliam, Don",1976,Wisconsin,Scherb,,8.065,,,,
173,"Panek, Robert",1976,Wisconsin,Code,Ultraviolet Astronomy,,,,,
172,"McClintock, William E.",1976,Johns Hopkins,"Feldman, Paul D.",,26.006,13.047,,,
171,"Levine, Alan",1976,MIT,"Rappaport, Saul B.",X-ray Astr,,,,,
170,"Hill, Reginald",1976,Illinois,"Bowhill, Sidney A.",,,,,,
169,"Hess, Garry C.",1976,Illinois,"Bowhill, Sidney A.",,,,,,
168,"Hallinan, Thomas",1976,Alaska,"Davis, John M.",Auroral Physics,,,,,
167,"Estler, Ronald",1976,Johns Hopkins,"Feldman, Paul D.",,4.344,,,,
166,"Davis, John E.",1976,Wisconsin,Code,Ultraviolet Astronomy,,,,,
165,"Burstein, Paul H.",1976,Wisconsin,"Kraushaar, Bill",,13.084,,,,
164,"Walker, David",1975,New Hampshire,"Arnoldy, Roger",,18.152,,,,
163,"Takacs, Peter Z.",1975,Johns Hopkins,"Feldman, Paul D.",FUV Aeronomy,4.32,13.096,26.023,,
162,"Swenson, Gary R.",1975,Michigan,"Sharp, William E.",Aeronomy,4.329,,,,
161,"Simmons, David J.",1975,Maryland,Matthews,Auroral Physics,,,,,
160,"Phillips, Edward",1975,Southern California,Judge,Atmospheric Gas,18.11,,,,
159,"Parady, Bodo",1975,Minnesota,Cahill & Nier,,,,,,
158,"Murphree, John S.",1975,Rice,"Anderson, Andrew B.",,18.158,,,,
157,"Morgan, Barry",1975,New Hampshire,"Arnoldy, Roger",Auroral,,,,,
156,"Moore, William",1975,CIT,"Garmire, Gordon P.",,13.064,,,,
155,"Long, Knox",1975,CIT,"Garmire, Gordon P.",,13.104,13.106,,,
154,"Holberg, Jay",1975,"California, Berkeley","Bowyer, C. S.",Diffuse Far UV Background,,,,,
153,"Hinton, B. B.",1975,Michigan,Carignan,Aeronomy,,,,,
152,"Henry, Patrick",1975,"California, Berkeley","Bowyer, C. S.",EUV Survey,,,,,
151,"Eaton, Joel",1975,Wisconsin,Code,Ultraviolet Astronomy,,,,,
150,"Cesiano, Jean",1975,Rice,"Anderson, Andrew B.",,18.111,,,,
149,"Casserly, Raymond T. Jr.",1975,Rice,"Anderson, Andrew B.",,18.112,,,,
148,"Woodworth, Joseph R.",1974,Johns Hopkins,"Moos, Warren",,,,,,
147,"Wingert, David",1974,Princeton,"Jenkins, Edward B.",,4.27,,,,
146,"Williamson, Fred",1974,Wisconsin,"Kraushaar, Bill",,13.082,,,,
145,"Wasser, Barry",1974,Pittsburgh,"Zipf, Edward C.",Atomic Oxygen,,,,,
144,"Wallis, Donald D.",1974,Alaska,"Davis, John M.",Auroral Physics,,,,,
143,"Vanderhill, Matthew",1974,Wisconsin,"Kraushaar, Bill",,,,,,
142,"Unger, Gladys",1974,Pittsburgh,"Zipf, Edward C.",Dissociative Recombination,,,,,
141,"Silva, Luiz Costa DA.",1974,Illinois,"Bowhill, Sidney A.",,,,,,
140,"Potter, Wentworth",1974,New Hampshire,"Cahill, Laurence J. Jr.",Auroral,,,,,
139,"Pellerini, Charles",1974,Catholic,Werntz,Cosmic Rays,,,,,
138,"Odell, Andrew P.",1974,Wisconsin,Code,Ultraviolet Astronomy,,,,,
137,"Menengini, Robert",1974,Michigan,Carignan,EE,,,,,
136,"McKinney, Wayne R.",1974,Johns Hopkins,"Moos, Warren",,13.047,,,,
135,"Mandelbaum, David",1974,Johns Hopkins,"Feldman, Paul D.",,,,,,
134,"Lin, Chung-An",1974,Rice,"Anderson, Andrew B.",,18.112,,,,
133,"Kintner, Paul",1974,Minnesota,"Cahill, Laurence J. Jr.",,,,,,
132,"Kamash, Salma",1974,Michigan,Carignan,ED,,,,,
131,"Hutchinson, James L.",1974,Wisconsin,Code,Ultraviolet Astronomy,,,,,
130,"Guenther, Bruce",1974,Pittsburgh,"Zipf, Edward C.",Atomic Oxygen,,,,,
129,"Good, R. EA.",1974,Colorado,"Barth, Charles A.",Aeronomy,,,,,
128,"Golshan, Nasser",1974,Illinois,"Bowhill, Sidney A.",,,,,,
127,"Giles, John W. Jr.",1974,Johns Hopkins,"Moos, Warren",,13.047,,,,
126,"Gastman, Irvin",1974,Michigan,Carignan,Aeronomy,,,,,
125,"Doxsey, Rodger",1974,MIT,"Rappaport, Saul",X-ray Astr,,,,,
124,"Carlson, Charles W.",1974,"California, Berkeley","Carlson, Charles W.",,8.056,18.035,18.036,18.037,
123,"Barrett, J.",1974,Michigan,"Sharp, William E.","Photometrics, Inc.",,,,,
122,"Shailendra, Kumar",1973,"California, Berkeley","Bowyer, C. S.",Galactic X-ray Astronomy,,,,,
121,"Schutz, Stephen",1973,"California, Berkeley","Carlson, Charles W.",,8.056,,,,
120,"Paresce, Francesco",1973,"California, Berkeley","Bowyer, C. S.",Study of ISM Inflotrav-Solar Sy,,,,,
119,"Neekins, John",1973,Catholic,Werntz,Solar X-rays,,,,,
118,"Margon, Bruce",1973,"California, Berkeley","Bowyer, C. S.",Galactic X-ray Astr.,,,,,
117,"Macy, William W.",1973,Princeton,"Jenkins, Edward B.",,4.267,,,,
116,"Lowenstein, Robert S.",1973,Rice,"Anderson, Andrew B.",,18.112,,,,
115,"Kumar, Shailendra",1973,"California, Berkeley","Bowyer, C. S.",Study of Helium Geocorona,,,,,
114,"Klumpar, David",1973,New Hampshire,"Lockwood, J.",Cosmic Rays,,,,,
113,"Finn, Thomas G.",1973,Johns Hopkins,"Feldman, Paul D.",,,,,,
112,"Boyd, John S.",1973,Alaska,"Davis, John M.",Auroral Physics,,,,,
111,"Bering, Edgar",1973,"California, Berkeley","Carlson, Charles W.",,8.056,,,,
110,"Zaumen, William",1972,MIT,"Rappaport, Saul",X-ray Astr,,,,,
109,"Stevens, John",1972,CIT,"Garmire, Gordon P.",,13.063,,,,
108,"St. Onge, Richard",1972,New Hampshire,"Lockwood, J.",Neutron Measurements,,,,,
107,"Sharp, James",1972,"Texas, Dallas","Heikkila, W. J.",ISIS-1 Auroral Study,,,,,
106,"Rusch, David W.",1972,Colorado,"Barth, Charles A.",Astro-GEOP,,,,,
105,"Rottman, Gary J.",1972,Johns Hopkins,"Moos, Warren",,4.318,13.046,,,
104,"Pongratz, Morris B.",1972,Maryland,Matthews,Auroral Physics,21.054,,,,
103,"Polucci, Gerry",1972,MIT,"Bradt, Hale",X-ray Astr,,,,,
102,"McKentire, Richard",1972,Minnesota,Winckler,,,,,,
101,"Hendrickson, R. A.",1972,Minnesota,Winckler,,,,,,
100,"Guha, Dipak",1972,Illinois,"Bowhill, Sidney A.",,,,,,
99,"Gilra, Daya P.",1972,Wisconsin,Code,Ultraviolet Astronomy,,,,,
98,"Gallagher, John S. III",1972,Wisconsin,Scherb,Ultraviolet Astronomy,,,,,
97,"Cartwright, David",1972,Minnesota,Winckler,,,,,,
96,"Bunting, Dave",1972,"Texas, Dallas","Heikkila, W. J.",Plasma Probe Study,,,,,
95,"Borken, Richard",1972,MIT,"Rappaport-Clark, Saul-Geo.",X-ray Astr,,,,,
94,"Tarstrup, Jens",1971,"Texas, Dallas","Heikkila, W. J.",Plasma Probe Study,,,,,
93,"Stone, Edward",1971,Pittsburgh,"Zipf, Edward C.",Ionos. Data Interpretation,,,,,
92,"Sinha, Ashok K.",1971,Maryland,Bettinger,Ionospheric Parameters,18.012,,,,
91,"Schow, Dana",1971,New Hampshire,"Lockwood, J.",Cosmic Rays,,,,,
90,"Sandel, Bill R.",1971,Rice,"Anderson, Andrew B.",,18.11,,,,
89,"Pazich, Philip M.",1971,Rice,"Anderson, Andrew B.",,18.112,,,,
88,"Park, Raymond J.",1971,Rice,"Feldman, Paul D.",,14.321,,,,
87,"McCammon, Daniel",1971,Wisconsin,"Kraushaar, Bill",,4.302,,,,
86,"Matilsky, Terry",1971,Princeton,"Jenkins, Edward B.",,4.271,,,,
85,"Mags, James E.",1971,Alaska,"Davis, John M.",Auroral Physics,,,,,
84,"Kanal, Madhoo",1971,Michigan,Carignan,Physics,,,,,
83,"Hickman, D. R.",1971,Minnesota,Cahill & Nier,,4.272,4.273,,,
82,"Gutcheck, Robert",1971,Pittsburgh,"Zipf, Edward C.",N2 Auroral Properties,,,,,
81,"Choy, Lawrence",1971,New Hampshire,"Arnoldy, Roger",,18.091,18.092,18.093,,
80,"Caldwell, John",1971,Wisconsin,Code,Ultraviolet Astronomy,,,,,
79,"Brooks, Neil",1971,Princeton,"Jenkins, Edward B.",,4.226,,,,
78,"Berkey, Frank",1971,Alaska,"Davis, John M.",Auroral Physics,,,,,
77,"Apostolis, John",1971,New Hampshire,"Arnold, Roger",Cosmic Rays,,,,,
76,"Winningham, David",1970,"Texas, Dallas","Heikkila, W. J.",ISIS-1CLFT,,,,,
75,"Vondrak, Richard R.",1970,Rice,"Anderson, Andrew B.",,14.321,,,,
74,"Ulmer, Melville P.",1970,Wisconsin,"Kraushaar, Bill",,18.025,15.032,,,
73,"Shidanardan, Kandiah",1970,Catholic,Werntz,Cosmic I.R. Rar.,,,,,
72,"Sharp, William E. III",1970,Colorado,"Barth, Charles A.",Aeronomy,18.081,18.082,,,
71,"Rhee, Chong",1970,Michigan,Carignan,EE,,,,,
70,"Rearwin, Stephen",1970,"California, San Diego",McIlwain,Ions and Electrons,,,,,
69,"Pearl, John",1970,Michigan,Carignan,Physics,,,,,
68,"Patrick, Richard",1970,Pittsburgh,"Zipf, Edward C.",NA D Region Light,,,,,
67,"Olivero, J.",1970,Michigan,"Sharp, William E.",Embry-Riddle Aeronautical Univ.,,,,,
66,"Mumma, Michael",1970,Pittsburgh,"Zipf, Edward C.",,,,,,
65,"Meira, L. GL. Jr.",1970,Colorado,"Barth, Charles A.",Aeronomy,14.389,14.39,,,
64,"Mayer, William",1970,MIT,"Bradt, Hale",X-ray Astr.,,,,,
63,"Mack, John",1970,"California, Berkeley","Bowyer, C. S.",Galactic X-ray Astr.,,,,,
62,"Kelley, Michael",1970,"California, Berkeley","Carlson, Charles W.",,8.056,,,,
61,"Johnstone, Alan",1970,Alaska,"Davis, John M.",Auroral Physics,,,,,
60,"Huang, Frank",1970,Maryland,Bettinger,Ionospheric Parameters,18.012,,,,
59,"Coleson, Robert",1970,Southern California,Judge,Earth Day Glow,18.11,,,,
58,"Coleman, Philip",1970,Wisconsin,"Kraushaar, Bill",,4.175,,,,
57,"Chang, Tieh C.",1970,Maryland,Bettinger,Ionospheric Parameters,18.012,,,,
56,"Burnett, Byron",1970,MIT,"Bradt, Hale",X-ray Astr,,,,,
55,"Boone, Joseph",1970,Wisconsin,Code,Ultraviolet Astronomy,,,,,
54,"Bohlin, Ralph",1970,Princeton,"Jenkins, Edward B.",,4.176,,,,
53,"Anderson, James G.",1970,Michigan,"Sharp, William E.",Aeronomy,,,,,
52,"Williams, Albert J. III",1969,Johns Hopkins,"Feldman, Paul D.",,21.085,21.081,21.093,21.095,
51,"Wentworth, Potter",1969,Minnesota,Winckler,,18.041,18.042,18.043,18.044,
50,"Stone, M. E.",1969,Princeton,"Jenkins, Edward B.",,4.17,,,,
49,"Patterson, Truman",1969,Pittsburgh,"Zipf, Edward C.",Auroral Studies,,,,,
48,"Palmieri, Thomas",1969,Wisconsin,"Kraushaar, Bill",,4.174,,,,
47,"Opal, Chet B.",1969,Johns Hopkins,"Moos, Warren",,4.197,4.206,4.217,,
46,"Niemann, Hasso B.",1969,Michigan,Carignan,EE,,,,,
45,"Lampton, Michael",1969,"California, Berkeley","Carlson, Charles W.",,14.XXX,,,,
44,"Kumar, Jack",1969,Pittsburgh,"Zipf, Edward C.",HE Resonance RAD'N,,,,,
43,"Jones, Robert A.",1969,Colorado,"Rense, W. A.",Solar Research,,,,,
42,"Huang, Philip",1969,Maryland,Bettinger,Ionospheric Parameters,18.012,,,,
41,"Dade, Anil",1969,"California, San Diego",McIlwain,Auroral Particles,,,,,
40,"Chase, Lee",1969,"California, Berkeley","Carlson, Charles W.",,18.036,18.037,,,
39,"Chappell, Charles R.",1969,Rice,"Anderson, Andrew B.",,8.047,,,,
38,"Buckley, Jay L.",1969,Johns Hopkins,"Moos, Warren",,4.206,4.308,,,
37,"Brasher, William",1969,"Texas, Dallas","Hanson, W. B.",Ion Chemistry,,,,,
36,"Ajello, Joseph M.",1969,Colorado,"Barth, Charles A.",Aeronomy/Solar Research,,,,,
35,"Warner, John D.",1968,Michigan,Carignan,Aero,,,,,
34,"Strickland, Douglas",1968,Pittsburgh,"Zipf, Edward C.",Atomic O2 Radiation,,,,,
33,"Reasoner, David L.",1968,Rice,"Anderson, Andrew B.",,4.217,,,,
32,"Rappaport, Saul",1968,MIT,"Bradt, Hale",X-ray Astr,,,,,
31,"Pfitzer, Karl A.",1968,Minnesota,Winckler,Aeronomy,11.006,,,,
30,"Pearce, Jeffrey B.",1968,Colorado,"Barth, Charles A.",Aeronomy/Solar Research,14.347,14.348,14.349,,
29,"Lillie, C. F.",1968,Wisconsin,Code,Ultraviolet Astronomy,,,,,
28,"Kastrozak, W. T.",1968,Minnesota,Cahill & Nier,,4.18,4.181,,,
27,"Jew, Howard",1968,Michigan,Carignan,Aero,,,,,
26,"Eltamsahy, Adel",1968,Michigan,Carignan,EE,,,,,
25,"Deehr, Charles S.",1968,Alaska,"Davis, John M.",Auroral Physics,,,,,
24,"Cresswell, George R.",1968,Alaska,"Davis, John M.",Auroral Physics,,,,,
23,"Norton, Richard B.",1967,Colorado,"Barth, Charles A.",Aeronomy,,,,,
22,"Cloutier, Paul",1967,Rice,"Anderson, Andrew B.",,14.242,14.243,,,
21,"Bauer, Pierre",1967,Michigan,Carignan,EE,,,,,
20,"Meir, Robert",1966,Pittsburgh,"Zipf, Edward C.",Sodium-Dayglow,,,,,
19,"Maynard, Nelson",1966,New Hampshire,"Arnoldy, Roger",,14.79,14.8,14.81,14.82,14.85
18,"Hedin, A. E.",1966,Minnesota,Cahill & Nier,,4.127,,,,
17,"Trainor, James",1965,New Hampshire,"Lockwood, J.",Cosmic Rays,,,,,
16,"Simmons, William R.",1965,Colorado,Rense,Solar Research,,,,,
15,"Miller, Ray",1965,Johns Hopkins,Fastie,,,,,,
14,"Bowyer, Stewart",1965,Catholic,Werntz,X-rays,,,,,
13,"Hord, C. W.",1964,Colorado,Wilshusen,Solar Research,,,,,
12,"Burkhead, Martin",1964,Wisconsin,Code,Ultraviolet Astronomy,,,,,
11,"Bruner, Elmomariln C.",1964,Colorado,Rense,Solar Research,,,,,
10,"Zipf, Edward C.",1961,Johns Hopkins,Fastie,,,,,,
9,"Kurtz, Dalton",1960,Colorado,Wilshusen,Solar Research,,,,,
8,"Violett, Theodore",1959,Colorado,Wilshusen,Solar Research,,,,,
7,"McAllister, Howard",1959,Colorado,Wilshusen,Solar Research,,,,,
6,"Cahill, Laurence J. Jr.",1959,Iowa,"Van Allen, James A.",,,,,,
5,"Behring, William",1959,Colorado,Wilshusen,Solar Research,,,,,
4,"Kasper, Joseph E.",1958,Iowa,"Van Allen, James A.",Rockoon,,,,,
3,"Stacey, David",1954,Colorado,Wilshusen,Solar Research,,,,,
2,"Meredith, Leslie H.",1954,Iowa,"Van Allen, J. A.",Cosmic Rays/Rockoon System - Arctic,,,,,
1,"Ellis, Robert A. Jr.",1954,Iowa,"Van Allen, James A.",Cosmic Ray/Rockoon,,,,,